,title,geo_accession,status,submission_date,last_update_date,type,channel_count,source_name_ch1,organism_ch1,taxid_ch1,characteristics_ch1.0.cell type,characteristics_ch1.1.disease state,characteristics_ch1.2.ls-ocmb characterization,growth_protocol_ch1,molecule_ch1,extract_protocol_ch1,label_ch1,label_protocol_ch1,hyb_protocol,scan_protocol,data_processing,platform_id,contact_name,contact_email,contact_institute,contact_address,contact_city,contact_zip/postal_code,contact_country,supplementary_file,series_id,data_row_count
GSM4817989,Sample04-positive,GSM4817989,Public on Dec 21 2020,Oct 05 2020,Dec 22 2020,RNA,1,Blood,Homo sapiens,9606,PBMC,Multiple Sclerosis,Positive,PBMCs were isolated from whole blood and cryopreserved in liquid nitrogen until used for RNA isolation,total RNA,miRNeasy mini kit (Qiagen) for total RNA isolation,biotin,FlashTaq biotin HSR RNA labeling kit,"GeneChip Hybridization, Wash and Stain kit was used for hybridization in a GeneChip Hybridization oven 640 and in a GeneChip Fluidics Station 450 using the protocol FS450-0002, as explained in the protocol provided by Affymetrix.",Arrays were scanned in a GeneChip 7G scanner and analysed in Affymetrix GeneChip Command Console Scan Control v4.0.0.1567.,"Transcriptome Analysis Console 4.0 software was used for normalization, detection and summarization purposes, applying RMA+DABG algorithm only to human probesets",GPL21572,"Maider,,MuÃ±oz-Culla",maider.munoz@ehu.eus,Biodonostia Institute,Paseo Dr.Begiristain s/n,San Sebastian,20014,Spain,ftp://ftp.ncbi.nlm.nih.gov/geo/samples/GSM4817nnn/GSM4817989/suppl/GSM4817989_RC4-M+_miRNA-4_0_.CEL.gz,"GSE159033,GSE159036",6631
GSM4817990,Sample05-positive,GSM4817990,Public on Dec 21 2020,Oct 05 2020,Dec 22 2020,RNA,1,Blood,Homo sapiens,9606,PBMC,Multiple Sclerosis,Positive,PBMCs were isolated from whole blood and cryopreserved in liquid nitrogen until used for RNA isolation,total RNA,miRNeasy mini kit (Qiagen) for total RNA isolation,biotin,FlashTaq biotin HSR RNA labeling kit,"GeneChip Hybridization, Wash and Stain kit was used for hybridization in a GeneChip Hybridization oven 640 and in a GeneChip Fluidics Station 450 using the protocol FS450-0002, as explained in the protocol provided by Affymetrix.",Arrays were scanned in a GeneChip 7G scanner and analysed in Affymetrix GeneChip Command Console Scan Control v4.0.0.1567.,"Transcriptome Analysis Console 4.0 software was used for normalization, detection and summarization purposes, applying RMA+DABG algorithm only to human probesets",GPL21572,"Maider,,MuÃ±oz-Culla",maider.munoz@ehu.eus,Biodonostia Institute,Paseo Dr.Begiristain s/n,San Sebastian,20014,Spain,ftp://ftp.ncbi.nlm.nih.gov/geo/samples/GSM4817nnn/GSM4817990/suppl/GSM4817990_RC5-M+_miRNA-4_0_.CEL.gz,"GSE159033,GSE159036",6631
GSM4817991,Sample11-positive,GSM4817991,Public on Dec 21 2020,Oct 05 2020,Dec 22 2020,RNA,1,Blood,Homo sapiens,9606,PBMC,Multiple Sclerosis,Positive,PBMCs were isolated from whole blood and cryopreserved in liquid nitrogen until used for RNA isolation,total RNA,miRNeasy mini kit (Qiagen) for total RNA isolation,biotin,FlashTaq biotin HSR RNA labeling kit,"GeneChip Hybridization, Wash and Stain kit was used for hybridization in a GeneChip Hybridization oven 640 and in a GeneChip Fluidics Station 450 using the protocol FS450-0002, as explained in the protocol provided by Affymetrix.",Arrays were scanned in a GeneChip 7G scanner and analysed in Affymetrix GeneChip Command Console Scan Control v4.0.0.1567.,"Transcriptome Analysis Console 4.0 software was used for normalization, detection and summarization purposes, applying RMA+DABG algorithm only to human probesets",GPL21572,"Maider,,MuÃ±oz-Culla",maider.munoz@ehu.eus,Biodonostia Institute,Paseo Dr.Begiristain s/n,San Sebastian,20014,Spain,ftp://ftp.ncbi.nlm.nih.gov/geo/samples/GSM4817nnn/GSM4817991/suppl/GSM4817991_RC11-M+_miRNA-4_0_.CEL.gz,"GSE159033,GSE159036",6631
GSM4817992,Sample14-positive,GSM4817992,Public on Dec 21 2020,Oct 05 2020,Dec 22 2020,RNA,1,Blood,Homo sapiens,9606,PBMC,Multiple Sclerosis,Positive,PBMCs were isolated from whole blood and cryopreserved in liquid nitrogen until used for RNA isolation,total RNA,miRNeasy mini kit (Qiagen) for total RNA isolation,biotin,FlashTaq biotin HSR RNA labeling kit,"GeneChip Hybridization, Wash and Stain kit was used for hybridization in a GeneChip Hybridization oven 640 and in a GeneChip Fluidics Station 450 using the protocol FS450-0002, as explained in the protocol provided by Affymetrix.",Arrays were scanned in a GeneChip 7G scanner and analysed in Affymetrix GeneChip Command Console Scan Control v4.0.0.1567.,"Transcriptome Analysis Console 4.0 software was used for normalization, detection and summarization purposes, applying RMA+DABG algorithm only to human probesets",GPL21572,"Maider,,MuÃ±oz-Culla",maider.munoz@ehu.eus,Biodonostia Institute,Paseo Dr.Begiristain s/n,San Sebastian,20014,Spain,ftp://ftp.ncbi.nlm.nih.gov/geo/samples/GSM4817nnn/GSM4817992/suppl/GSM4817992_RC14-M+_miRNA-4_0_.CEL.gz,"GSE159033,GSE159036",6631
GSM4817993,Sample19-positive,GSM4817993,Public on Dec 21 2020,Oct 05 2020,Dec 22 2020,RNA,1,Blood,Homo sapiens,9606,PBMC,Multiple Sclerosis,Positive,PBMCs were isolated from whole blood and cryopreserved in liquid nitrogen until used for RNA isolation,total RNA,miRNeasy mini kit (Qiagen) for total RNA isolation,biotin,FlashTaq biotin HSR RNA labeling kit,"GeneChip Hybridization, Wash and Stain kit was used for hybridization in a GeneChip Hybridization oven 640 and in a GeneChip Fluidics Station 450 using the protocol FS450-0002, as explained in the protocol provided by Affymetrix.",Arrays were scanned in a GeneChip 7G scanner and analysed in Affymetrix GeneChip Command Console Scan Control v4.0.0.1567.,"Transcriptome Analysis Console 4.0 software was used for normalization, detection and summarization purposes, applying RMA+DABG algorithm only to human probesets",GPL21572,"Maider,,MuÃ±oz-Culla",maider.munoz@ehu.eus,Biodonostia Institute,Paseo Dr.Begiristain s/n,San Sebastian,20014,Spain,ftp://ftp.ncbi.nlm.nih.gov/geo/samples/GSM4817nnn/GSM4817993/suppl/GSM4817993_RC19-M+_miRNA-4_0_.CEL.gz,"GSE159033,GSE159036",6631
GSM4817994,Sample02-negative,GSM4817994,Public on Dec 21 2020,Oct 05 2020,Dec 22 2020,RNA,1,Blood,Homo sapiens,9606,PBMC,Multiple Sclerosis,Negative,PBMCs were isolated from whole blood and cryopreserved in liquid nitrogen until used for RNA isolation,total RNA,miRNeasy mini kit (Qiagen) for total RNA isolation,biotin,FlashTaq biotin HSR RNA labeling kit,"GeneChip Hybridization, Wash and Stain kit was used for hybridization in a GeneChip Hybridization oven 640 and in a GeneChip Fluidics Station 450 using the protocol FS450-0002, as explained in the protocol provided by Affymetrix.",Arrays were scanned in a GeneChip 7G scanner and analysed in Affymetrix GeneChip Command Console Scan Control v4.0.0.1567.,"Transcriptome Analysis Console 4.0 software was used for normalization, detection and summarization purposes, applying RMA+DABG algorithm only to human probesets",GPL21572,"Maider,,MuÃ±oz-Culla",maider.munoz@ehu.eus,Biodonostia Institute,Paseo Dr.Begiristain s/n,San Sebastian,20014,Spain,ftp://ftp.ncbi.nlm.nih.gov/geo/samples/GSM4817nnn/GSM4817994/suppl/GSM4817994_RC2-M-_miRNA-4_0_.CEL.gz,"GSE159033,GSE159036",6631
GSM4817995,Sample06-negative,GSM4817995,Public on Dec 21 2020,Oct 05 2020,Dec 22 2020,RNA,1,Blood,Homo sapiens,9606,PBMC,Multiple Sclerosis,Negative,PBMCs were isolated from whole blood and cryopreserved in liquid nitrogen until used for RNA isolation,total RNA,miRNeasy mini kit (Qiagen) for total RNA isolation,biotin,FlashTaq biotin HSR RNA labeling kit,"GeneChip Hybridization, Wash and Stain kit was used for hybridization in a GeneChip Hybridization oven 640 and in a GeneChip Fluidics Station 450 using the protocol FS450-0002, as explained in the protocol provided by Affymetrix.",Arrays were scanned in a GeneChip 7G scanner and analysed in Affymetrix GeneChip Command Console Scan Control v4.0.0.1567.,"Transcriptome Analysis Console 4.0 software was used for normalization, detection and summarization purposes, applying RMA+DABG algorithm only to human probesets",GPL21572,"Maider,,MuÃ±oz-Culla",maider.munoz@ehu.eus,Biodonostia Institute,Paseo Dr.Begiristain s/n,San Sebastian,20014,Spain,ftp://ftp.ncbi.nlm.nih.gov/geo/samples/GSM4817nnn/GSM4817995/suppl/GSM4817995_RC6-M-_miRNA-4_0_.CEL.gz,"GSE159033,GSE159036",6631
GSM4817996,Sample07-negative,GSM4817996,Public on Dec 21 2020,Oct 05 2020,Dec 22 2020,RNA,1,Blood,Homo sapiens,9606,PBMC,Multiple Sclerosis,Negative,PBMCs were isolated from whole blood and cryopreserved in liquid nitrogen until used for RNA isolation,total RNA,miRNeasy mini kit (Qiagen) for total RNA isolation,biotin,FlashTaq biotin HSR RNA labeling kit,"GeneChip Hybridization, Wash and Stain kit was used for hybridization in a GeneChip Hybridization oven 640 and in a GeneChip Fluidics Station 450 using the protocol FS450-0002, as explained in the protocol provided by Affymetrix.",Arrays were scanned in a GeneChip 7G scanner and analysed in Affymetrix GeneChip Command Console Scan Control v4.0.0.1567.,"Transcriptome Analysis Console 4.0 software was used for normalization, detection and summarization purposes, applying RMA+DABG algorithm only to human probesets",GPL21572,"Maider,,MuÃ±oz-Culla",maider.munoz@ehu.eus,Biodonostia Institute,Paseo Dr.Begiristain s/n,San Sebastian,20014,Spain,ftp://ftp.ncbi.nlm.nih.gov/geo/samples/GSM4817nnn/GSM4817996/suppl/GSM4817996_RC7-M-_miRNA-4_0_.CEL.gz,"GSE159033,GSE159036",6631
GSM4817997,Sample09-negative,GSM4817997,Public on Dec 21 2020,Oct 05 2020,Dec 22 2020,RNA,1,Blood,Homo sapiens,9606,PBMC,Multiple Sclerosis,Negative,PBMCs were isolated from whole blood and cryopreserved in liquid nitrogen until used for RNA isolation,total RNA,miRNeasy mini kit (Qiagen) for total RNA isolation,biotin,FlashTaq biotin HSR RNA labeling kit,"GeneChip Hybridization, Wash and Stain kit was used for hybridization in a GeneChip Hybridization oven 640 and in a GeneChip Fluidics Station 450 using the protocol FS450-0002, as explained in the protocol provided by Affymetrix.",Arrays were scanned in a GeneChip 7G scanner and analysed in Affymetrix GeneChip Command Console Scan Control v4.0.0.1567.,"Transcriptome Analysis Console 4.0 software was used for normalization, detection and summarization purposes, applying RMA+DABG algorithm only to human probesets",GPL21572,"Maider,,MuÃ±oz-Culla",maider.munoz@ehu.eus,Biodonostia Institute,Paseo Dr.Begiristain s/n,San Sebastian,20014,Spain,ftp://ftp.ncbi.nlm.nih.gov/geo/samples/GSM4817nnn/GSM4817997/suppl/GSM4817997_RC9-M-_miRNA-4_0_.CEL.gz,"GSE159033,GSE159036",6631
GSM4817998,Sample10-negative,GSM4817998,Public on Dec 21 2020,Oct 05 2020,Dec 22 2020,RNA,1,Blood,Homo sapiens,9606,PBMC,Multiple Sclerosis,Negative,PBMCs were isolated from whole blood and cryopreserved in liquid nitrogen until used for RNA isolation,total RNA,miRNeasy mini kit (Qiagen) for total RNA isolation,biotin,FlashTaq biotin HSR RNA labeling kit,"GeneChip Hybridization, Wash and Stain kit was used for hybridization in a GeneChip Hybridization oven 640 and in a GeneChip Fluidics Station 450 using the protocol FS450-0002, as explained in the protocol provided by Affymetrix.",Arrays were scanned in a GeneChip 7G scanner and analysed in Affymetrix GeneChip Command Console Scan Control v4.0.0.1567.,"Transcriptome Analysis Console 4.0 software was used for normalization, detection and summarization purposes, applying RMA+DABG algorithm only to human probesets",GPL21572,"Maider,,MuÃ±oz-Culla",maider.munoz@ehu.eus,Biodonostia Institute,Paseo Dr.Begiristain s/n,San Sebastian,20014,Spain,ftp://ftp.ncbi.nlm.nih.gov/geo/samples/GSM4817nnn/GSM4817998/suppl/GSM4817998_RC10-M-_miRNA-4_0_.CEL.gz,"GSE159033,GSE159036",6631
GSM4817999,Sample15-negative,GSM4817999,Public on Dec 21 2020,Oct 05 2020,Dec 22 2020,RNA,1,Blood,Homo sapiens,9606,PBMC,Multiple Sclerosis,Negative,PBMCs were isolated from whole blood and cryopreserved in liquid nitrogen until used for RNA isolation,total RNA,miRNeasy mini kit (Qiagen) for total RNA isolation,biotin,FlashTaq biotin HSR RNA labeling kit,"GeneChip Hybridization, Wash and Stain kit was used for hybridization in a GeneChip Hybridization oven 640 and in a GeneChip Fluidics Station 450 using the protocol FS450-0002, as explained in the protocol provided by Affymetrix.",Arrays were scanned in a GeneChip 7G scanner and analysed in Affymetrix GeneChip Command Console Scan Control v4.0.0.1567.,"Transcriptome Analysis Console 4.0 software was used for normalization, detection and summarization purposes, applying RMA+DABG algorithm only to human probesets",GPL21572,"Maider,,MuÃ±oz-Culla",maider.munoz@ehu.eus,Biodonostia Institute,Paseo Dr.Begiristain s/n,San Sebastian,20014,Spain,ftp://ftp.ncbi.nlm.nih.gov/geo/samples/GSM4817nnn/GSM4817999/suppl/GSM4817999_RC15-M-_miRNA-4_0_.CEL.gz,"GSE159033,GSE159036",6631
